Jurisdiction,"No limit for blood, legal, or adoptive relationships by distance (or degree of consanguinity)",Recognizes relationships defined by tribal customs,Includes people with significant relationships to youth,Includes people with significant relationships to youth's parents,Includes people with significant relationships to youth's other family members
Intro description,"don't limit blood, legal, or adoptive relationships by distance (or degree of consanguinity)",recognize relationships defined by tribal customs,include people with significant relationships to youth,include people with significant relationships to youth's parents,include people with significant relationships to youth's other family members
Colorado,Fully implemented,Not implemented,Fully implemented,Not implemented,Not implemented
Delaware,Not implemented,Not implemented,Fully implemented,Fully implemented,Fully implemented
Illinois,Fully implemented,Fully implemented,Fully implemented,Fully implemented,Fully implemented
Iowa,Not implemented,Not implemented,Fully implemented,Not implemented,Not implemented
Kansas,Fully implemented,Not implemented,Not implemented,Not implemented,Not implemented
Kentucky,Fully implemented,Not implemented,Fully implemented,Partially implemented,Partially implemented
Louisiana,Fully implemented,Partially implemented,Fully implemented,Fully implemented,Fully implemented
Maryland,Fully implemented,Fully implemented,Fully implemented,Partially implemented,Not implemented
Michigan,Not implemented,Fully implemented,Fully implemented,Partially implemented,Not implemented
Nebraska,Fully implemented,Fully implemented,Fully implemented,Not implemented,Partially implemented
Nevada,Fully implemented,Fully implemented,Fully implemented,Fully implemented,Fully implemented
North Dakota,Not implemented,Not implemented,Fully implemented,Not implemented,Not implemented
Oklahoma,Fully implemented,Not implemented,Fully implemented,Fully implemented,Not implemented
Oregon,Not implemented,Fully implemented,Fully implemented,Fully implemented,Fully implemented
South Carolina,Fully implemented,Fully implemented,Fully implemented,Fully implemented,Fully implemented
South Dakota,Not implemented,Not implemented,Fully implemented,Not implemented,Not implemented
Tennessee,Fully implemented,Fully implemented,Fully implemented,Fully implemented,Fully implemented
Texas,Fully implemented,Not implemented,Fully implemented,Fully implemented,Fully implemented
Washington,Not implemented,Fully implemented,Fully implemented,Fully implemented,Fully implemented
Wisconsin,Not implemented,Fully implemented,Fully implemented,Fully implemented,Fully implemented